{
  "0.5": {
    "precision": 0.6072613811362335,
    "recall": 0.5516580345387609,
    "f1": 0.4986017577659972,
    "confidence": 0.7360370836444775,
    "tp": 9228,
    "fp": 9189,
    "fn": 12448,
    "total_images": 3624,
    "failed_images": 0,
    "inference_time": 65.38263404079883
  },
  "0.55": {
    "precision": 0.6502986286320701,
    "recall": 0.5346719811461607,
    "f1": 0.5046444730736176,
    "confidence": 0.751458066649258,
    "tp": 8792,
    "fp": 7399,
    "fn": 12884,
    "total_images": 3624,
    "failed_images": 0,
    "inference_time": 65.38263404079883
  },
  "0.6": {
    "precision": 0.6880316924340817,
    "recall": 0.5139483590347378,
    "f1": 0.5025649284298436,
    "confidence": 0.7597243258889937,
    "tp": 8357,
    "fp": 5941,
    "fn": 13319,
    "total_images": 3624,
    "failed_images": 0,
    "inference_time": 65.38263404079883
  },
  "0.65": {
    "precision": 0.72287651312591,
    "recall": 0.4917592801411069,
    "f1": 0.49714620178313684,
    "confidence": 0.765225019725348,
    "tp": 7878,
    "fp": 4757,
    "fn": 13798,
    "total_images": 3624,
    "failed_images": 0,
    "inference_time": 65.38263404079883
  },
  "0.7": {
    "precision": 0.7585723410312772,
    "recall": 0.4708132510587579,
    "f1": 0.4913276370928064,
    "confidence": 0.7655021347779838,
    "tp": 7427,
    "fp": 3700,
    "fn": 14249,
    "total_images": 3624,
    "failed_images": 0,
    "inference_time": 65.38263404079883
  }
}